límite,tiempo_básico_segundos,tiempo_mejorado_segundos
100,7.458300024154596e-05,2.7957999918726273e-05
500,0.0012460409998311661,0.00018541600002208725
1000,0.0039936249995662365,0.00046291699982248247
2000,0.015554083000097307,0.001183499998660409
5000,0.09582195800066984,0.003464333000010811
10000,0.4353819999996631,0.00771895900106756
