límite,tiempo_básico_segundos,tiempo_mejorado_segundos
100,0.0003411249999771826,2.8374999601510353e-05
500,0.0013468329998431727,0.0001968750002561137
1000,0.006145166998976492,0.0006346249992930098
2000,0.024002666999876965,0.0012564999997266568
5000,0.17396300000109477,0.004655583999920054
10000,0.5829538750003849,0.01212370900066162
