símbolo,conteo,frecuencia
A,79,0.2633333333333333
C,80,0.26666666666666666
G,63,0.21
T,78,0.26
