símbolo,conteo,frecuencia
A,17,0.056666666666666664
C,13,0.043333333333333335
D,14,0.04666666666666667
E,19,0.06333333333333334
F,14,0.04666666666666667
G,10,0.03333333333333333
H,17,0.056666666666666664
I,16,0.05333333333333334
K,12,0.04
L,8,0.02666666666666667
M,18,0.06
N,16,0.05333333333333334
P,20,0.06666666666666667
Q,15,0.05
R,10,0.03333333333333333
S,17,0.056666666666666664
T,19,0.06333333333333334
V,18,0.06
W,15,0.05
Y,12,0.04
