símbolo,conteo,frecuencia
A,233,0.2588888888888889
C,225,0.25
G,217,0.2411111111111111
T,225,0.25
