símbolo,conteo,frecuencia
A,10,0.10416666666666667
C,1,0.010416666666666666
D,3,0.03125
E,1,0.010416666666666666
F,5,0.052083333333333336
G,4,0.041666666666666664
H,5,0.052083333333333336
I,1,0.010416666666666666
K,5,0.052083333333333336
L,10,0.10416666666666667
M,2,0.020833333333333332
N,7,0.07291666666666667
P,5,0.052083333333333336
Q,5,0.052083333333333336
R,5,0.052083333333333336
S,10,0.10416666666666667
T,8,0.08333333333333333
V,3,0.03125
W,2,0.020833333333333332
Y,4,0.041666666666666664
